Country,Date,Type,Number_per_10000
Malaysia,25/02/2021,Dose,0.343163539
Malaysia,26/02/2021,Dose,0.784033363
Malaysia,27/02/2021,Dose,1.19064641
Malaysia,28/02/2021,Dose,1.393803992
Malaysia,01/03/2021,Dose,2.032767352
Malaysia,02/03/2021,Dose,2.770032767
Malaysia,03/03/2021,Dose,3.340184689
Malaysia,04/03/2021,Dose,4.122132857
Malaysia,05/03/2021,Dose,4.558832291
Malaysia,06/03/2021,Dose,4.947274352
Malaysia,07/03/2021,Dose,5.197795651
Malaysia,08/03/2021,Dose,5.700625559
Malaysia,09/03/2021,Dose,6.060470658
Malaysia,10/03/2021,Dose,6.319630623
Malaysia,11/03/2021,Dose,6.617515639
Malaysia,12/03/2021,Dose,7.117664581
Malaysia,13/03/2021,Dose,7.169198689
Malaysia,14/03/2021,Dose,7.071492404
Malaysia,15/03/2021,Dose,6.781054513
Malaysia,16/03/2021,Dose,6.583258862
Malaysia,17/03/2021,Dose,6.246053024
Malaysia,18/03/2021,Dose,5.888293119
Malaysia,19/03/2021,Dose,5.396782842
Malaysia,20/03/2021,Dose,5.258564194
Malaysia,21/03/2021,Dose,5.481977957
Malaysia,22/03/2021,Dose,5.648197796
Malaysia,23/03/2021,Dose,5.805183199
Malaysia,24/03/2021,Dose,6.156389634
Malaysia,25/03/2021,Dose,6.483765267
Malaysia,26/03/2021,Dose,6.576407507
Malaysia,27/03/2021,Dose,6.675901102
Malaysia,28/03/2021,Dose,6.72088174
Malaysia,29/03/2021,Dose,7.18707179
Malaysia,30/03/2021,Dose,7.688412273
Malaysia,31/03/2021,Dose,8.043491212
Malaysia,01/04/2021,Dose,8.753053321
Malaysia,02/04/2021,Dose,9.337205839
Malaysia,03/04/2021,Dose,9.391420912
Malaysia,04/04/2021,Dose,9.330950253
Malaysia,05/04/2021,Dose,9.052427763
Malaysia,06/04/2021,Dose,8.702412869
Malaysia,07/04/2021,Dose,8.429252309
Malaysia,08/04/2021,Dose,7.766756032
Malaysia,09/04/2021,Dose,7.389633601
Malaysia,10/04/2021,Dose,7.318141197
Malaysia,11/04/2021,Dose,7.658325886
Malaysia,12/04/2021,Dose,8.110813226
Malaysia,13/04/2021,Dose,7.761394102
Malaysia,14/04/2021,Dose,7.661006851
Malaysia,15/04/2021,Dose,7.676496872
Malaysia,16/04/2021,Dose,7.588620792
Malaysia,17/04/2021,Dose,7.330652368
Malaysia,18/04/2021,Dose,6.766160262
Malaysia,19/04/2021,Dose,6.503723563
Malaysia,20/04/2021,Dose,6.881143878
Malaysia,21/04/2021,Dose,6.840035746
Malaysia,22/04/2021,Dose,6.938635687
Malaysia,23/04/2021,Dose,6.911826035
Malaysia,24/04/2021,Dose,6.987786714
Malaysia,25/04/2021,Dose,7.197497766
Malaysia,26/04/2021,Dose,7.075960679
Malaysia,27/04/2021,Dose,7.133154602
Malaysia,28/04/2021,Dose,7.644623175
Malaysia,29/04/2021,Dose,6.918975276
Malaysia,30/04/2021,Dose,7.250521299
Malaysia,01/05/2021,Dose,6.99642538
Malaysia,02/05/2021,Dose,7.036044087
Malaysia,03/05/2021,Dose,7.928507596
Malaysia,04/05/2021,Dose,8.572237116
Malaysia,05/05/2021,Dose,9.224009532
Malaysia,06/05/2021,Dose,11.06881144
Malaysia,07/05/2021,Dose,11.96901996
Malaysia,08/05/2021,Dose,12.89097408
Malaysia,09/05/2021,Dose,13.60411081
Malaysia,10/05/2021,Dose,14.04408698
Malaysia,11/05/2021,Dose,14.00863867
Malaysia,12/05/2021,Dose,12.4393804
Malaysia,13/05/2021,Dose,10.06613047
Malaysia,14/05/2021,Dose,8.032171582
Malaysia,15/05/2021,Dose,7.344057194
Malaysia,16/05/2021,Dose,6.401251117
Malaysia,17/05/2021,Dose,6.363121835
Malaysia,18/05/2021,Dose,7.609472744
Malaysia,19/05/2021,Dose,10.42895442
Malaysia,20/05/2021,Dose,13.88650581
Malaysia,21/05/2021,Dose,16.48853143
Malaysia,22/05/2021,Dose,18.00983021
Malaysia,23/05/2021,Dose,19.54721478
Malaysia,24/05/2021,Dose,21.04587429
Malaysia,25/05/2021,Dose,22.00089366
Malaysia,26/05/2021,Dose,19.36401549
Malaysia,27/05/2021,Dose,20.5248734
Malaysia,28/05/2021,Dose,21.09591898
Malaysia,29/05/2021,Dose,21.92612452
Malaysia,30/05/2021,Dose,22.62317545
Malaysia,31/05/2021,Dose,22.64343164
Malaysia,01/06/2021,Dose,22.61274948
Malaysia,02/06/2021,Dose,26.21120048
Malaysia,03/06/2021,Dose,26.66875186
Malaysia,04/06/2021,Dose,27.38695264
Malaysia,05/06/2021,Dose,27.70300864
Malaysia,06/06/2021,Dose,28.55287459
Malaysia,07/06/2021,Dose,27.25677688
Malaysia,08/06/2021,Dose,29.59904677
Malaysia,09/06/2021,Dose,31.73547811
Malaysia,10/06/2021,Dose,33.52249032
Malaysia,11/06/2021,Dose,35.02144772
Malaysia,12/06/2021,Dose,37.74620197
Malaysia,13/06/2021,Dose,39.84063152
Malaysia,14/06/2021,Dose,45.71700923
Malaysia,15/06/2021,Dose,48.62913315
Malaysia,16/06/2021,Dose,51.07536491
Malaysia,17/06/2021,Dose,53.98242478
Malaysia,18/06/2021,Dose,56.50372356
Malaysia,19/06/2021,Dose,57.9761692
Malaysia,20/06/2021,Dose,58.60262139
Malaysia,21/06/2021,Dose,60.37086685
Malaysia,22/06/2021,Dose,61.94131665
Malaysia,23/06/2021,Dose,64.10991957
Malaysia,24/06/2021,Dose,66.16324099
Malaysia,25/06/2021,Dose,67.74888293
Malaysia,26/06/2021,Dose,68.89365505
Malaysia,27/06/2021,Dose,70.22400953
Malaysia,28/06/2021,Dose,68.72028597
Malaysia,29/06/2021,Dose,68.0437891
Malaysia,30/06/2021,Dose,68.26899017
Malaysia,01/07/2021,Dose,67.94727435
Malaysia,02/07/2021,Dose,68.70390229
Malaysia,03/07/2021,Dose,69.77092642
Malaysia,04/07/2021,Dose,71.38516533
Malaysia,05/07/2021,Dose,76.40244266
Malaysia,06/07/2021,Dose,81.16443253
Malaysia,07/07/2021,Dose,86.46767948
Malaysia,08/07/2021,Dose,91.59219541
Malaysia,09/07/2021,Dose,96.2603515
Malaysia,10/07/2021,Dose,101.0437891
Malaysia,11/07/2021,Dose,104.5472148
Malaysia,12/07/2021,Dose,109.0994936
Malaysia,13/07/2021,Dose,112.660709
Malaysia,14/07/2021,Dose,115.3836759
Malaysia,15/07/2021,Dose,119.1513256
Malaysia,16/07/2021,Dose,122.0271075
Malaysia,17/07/2021,Dose,124.6261543
Malaysia,18/07/2021,Dose,127.1197498
Malaysia,19/07/2021,Dose,127.4798928
Malaysia,20/07/2021,Dose,122.0381293
Malaysia,21/07/2021,Dose,122.0524278
Malaysia,22/07/2021,Dose,123.8036938
Malaysia,23/07/2021,Dose,126.4089961
Malaysia,24/07/2021,Dose,127.9436997
Malaysia,25/07/2021,Dose,130.5338099
Malaysia,26/07/2021,Dose,134.582961
Malaysia,27/07/2021,Dose,145.6747096
Malaysia,28/07/2021,Dose,150.9159964
Malaysia,29/07/2021,Dose,153.5355973
Malaysia,30/07/2021,Dose,155.9624665
Malaysia,31/07/2021,Dose,160.6756032
Malaysia,01/08/2021,Dose,164.0229371
Malaysia,02/08/2021,Dose,161.9282097
Malaysia,03/08/2021,Dose,159.0548108
Malaysia,04/08/2021,Dose,156.2317545
Malaysia,05/08/2021,Dose,154.4131665
Malaysia,06/08/2021,Dose,151.6535597
Malaysia,07/08/2021,Dose,147.7399464
Malaysia,08/08/2021,Dose,144.1599643
Malaysia,09/08/2021,Dose,144.1233244
Malaysia,10/08/2021,Dose,138.7584153
Malaysia,11/08/2021,Dose,138.9097408
Malaysia,12/08/2021,Dose,139.4900209
Malaysia,13/08/2021,Dose,140.5978552
Malaysia,14/08/2021,Dose,141.4125707
Malaysia,15/08/2021,Dose,142.624367
Malaysia,16/08/2021,Dose,144.2621388
Malaysia,17/08/2021,Dose,151.5352994
Malaysia,18/08/2021,Dose,153.7759905
Malaysia,19/08/2021,Dose,153.6431338
Malaysia,20/08/2021,Dose,154.4057194
Malaysia,21/08/2021,Dose,155.6964552
Malaysia,22/08/2021,Dose,156.7542449
Malaysia,23/08/2021,Dose,152.1641346
Malaysia,24/08/2021,Dose,147.7962466
Malaysia,25/08/2021,Dose,142.6744117
Malaysia,26/08/2021,Dose,138.0244266
Malaysia,27/08/2021,Dose,132.1808162
Malaysia,28/08/2021,Dose,126.7402443
Malaysia,29/08/2021,Dose,121.1093238
Malaysia,30/08/2021,Dose,119.9803396
Malaysia,31/08/2021,Dose,113.191838
Malaysia,01/09/2021,Dose,112.3038427
Malaysia,02/09/2021,Dose,110.8060769
Malaysia,03/09/2021,Dose,110.0235329
Malaysia,04/09/2021,Dose,108.4310396
Malaysia,05/09/2021,Dose,107.7479893
Malaysia,06/09/2021,Dose,105.6708371
Malaysia,07/09/2021,Dose,108.4155496
Malaysia,08/09/2021,Dose,105.0443849
Malaysia,09/09/2021,Dose,102.8540363
Malaysia,10/09/2021,Dose,101.0816205
Malaysia,11/09/2021,Dose,98.96187072
Malaysia,12/09/2021,Dose,96.14894251
Malaysia,13/09/2021,Dose,92.24694668
Malaysia,14/09/2021,Dose,88.67143283
Malaysia,15/09/2021,Dose,85.35120643
Malaysia,16/09/2021,Dose,79.7018171
Malaysia,17/09/2021,Dose,77.38427167
Malaysia,18/09/2021,Dose,76.04587429
Malaysia,19/09/2021,Dose,75.53857611
Malaysia,20/09/2021,Dose,78.12630325
Malaysia,21/09/2021,Dose,78.45606196
Malaysia,22/09/2021,Dose,81.32082216
Malaysia,23/09/2021,Dose,86.74054215
Malaysia,24/09/2021,Dose,87.96693476
Malaysia,25/09/2021,Dose,88.95263628
Malaysia,26/09/2021,Dose,90.8528448
Malaysia,27/09/2021,Dose,91.93386953
Malaysia,28/09/2021,Dose,94.8528448
Malaysia,29/09/2021,Dose,95.46350909
Malaysia,30/09/2021,Dose,95.27882038
Malaysia,01/10/2021,Dose,93.44086982
Malaysia,02/10/2021,Dose,91.12421805
Malaysia,03/10/2021,Dose,88.33899315
Malaysia,04/10/2021,Dose,84.025916
Malaysia,05/10/2021,Dose,79.36282395
Malaysia,06/10/2021,Dose,73.56747096
Malaysia,07/10/2021,Dose,67.66815609
Malaysia,08/10/2021,Dose,64.92314567
Malaysia,09/10/2021,Dose,61.84807864
Malaysia,10/10/2021,Dose,58.40422997
Malaysia,11/10/2021,Dose,56.68632708
Malaysia,12/10/2021,Dose,55.94608281
Malaysia,13/10/2021,Dose,55.86922848
Malaysia,14/10/2021,Dose,56.36103664
Malaysia,15/10/2021,Dose,56.41376229
Malaysia,16/10/2021,Dose,55.83348228
Malaysia,17/10/2021,Dose,56.05719392
Malaysia,18/10/2021,Dose,56.93416741
Malaysia,19/10/2021,Dose,53.6282395
Malaysia,20/10/2021,Dose,55.80756628
Malaysia,21/10/2021,Dose,57.11974978
Malaysia,22/10/2021,Dose,56.31039619
Malaysia,23/10/2021,Dose,55.58176944
Malaysia,24/10/2021,Dose,55.13047364
Malaysia,25/10/2021,Dose,54.10872803
Malaysia,26/10/2021,Dose,56.22937146
Malaysia,27/10/2021,Dose,52.28507596
Malaysia,28/10/2021,Dose,50.01429848
Malaysia,29/10/2021,Dose,49.12451594
Malaysia,30/10/2021,Dose,47.38665475
Malaysia,31/10/2021,Dose,44.64313375
Malaysia,01/11/2021,Dose,41.22966935
Malaysia,02/11/2021,Dose,38.55198094
Malaysia,03/11/2021,Dose,36.13136729
Malaysia,04/11/2021,Dose,29.7375633
Malaysia,05/11/2021,Dose,27.196902
Malaysia,06/11/2021,Dose,25.69079535
Malaysia,07/11/2021,Dose,24.57044981
Malaysia,08/11/2021,Dose,24.57402443
Malaysia,09/11/2021,Dose,24.2683944
Malaysia,10/11/2021,Dose,24.97050938
Malaysia,11/11/2021,Dose,29.45040214
Malaysia,12/11/2021,Dose,30.84629133
Malaysia,13/11/2021,Dose,31.47155198
Malaysia,14/11/2021,Dose,31.7018171
Malaysia,15/11/2021,Dose,31.42835865
Malaysia,16/11/2021,Dose,31.66964552
Malaysia,17/11/2021,Dose,31.10008937
Malaysia,18/11/2021,Dose,30.2126899
Malaysia,19/11/2021,Dose,29.78552279
Malaysia,20/11/2021,Dose,29.31188561
Malaysia,21/11/2021,Dose,28.9919571
Malaysia,22/11/2021,Dose,29.26690497
Malaysia,23/11/2021,Dose,29.89722967
Malaysia,24/11/2021,Dose,30.7753947
Malaysia,25/11/2021,Dose,31.42955019
Malaysia,26/11/2021,Dose,31.74709562
Malaysia,27/11/2021,Dose,32.10366399
Malaysia,28/11/2021,Dose,32.30235329
Malaysia,29/11/2021,Dose,32.27554364
Malaysia,30/11/2021,Dose,32.24486148
Malaysia,01/12/2021,Dose,32.4075067
Malaysia,02/12/2021,Dose,32.88382484
Malaysia,03/12/2021,Dose,33.44414656
Malaysia,04/12/2021,Dose,34.0974084
Malaysia,05/12/2021,Dose,34.67411379
Malaysia,06/12/2021,Dose,34.25796842
Malaysia,07/12/2021,Dose,33.85224903
Malaysia,08/12/2021,Dose,33.15430444
Malaysia,09/12/2021,Dose,32.78671433
Malaysia,10/12/2021,Dose,32.73339291
Malaysia,11/12/2021,Dose,32.81471552
Malaysia,12/12/2021,Dose,33.34137623
Malaysia,13/12/2021,Dose,34.67381591
Malaysia,14/12/2021,Dose,36.23741436
Malaysia,15/12/2021,Dose,38.11289842
Malaysia,16/12/2021,Dose,39.43640155
Malaysia,17/12/2021,Dose,41.01757522
Malaysia,18/12/2021,Dose,41.01161752
Malaysia,19/12/2021,Dose,41.50282991
Malaysia,20/12/2021,Dose,42.19392315
Malaysia,21/12/2021,Dose,42.43967828
Malaysia,22/12/2021,Dose,42.73994638
Malaysia,23/12/2021,Dose,42.95055109
Malaysia,24/12/2021,Dose,42.06344951
Malaysia,25/12/2021,Dose,40.03217158
Malaysia,26/12/2021,Dose,39.37414358
Malaysia,27/12/2021,Dose,38.65296396
Malaysia,28/12/2021,Dose,38.03366101
Malaysia,29/12/2021,Dose,38.39737861
Malaysia,30/12/2021,Dose,39.58713137
Malaysia,31/12/2021,Dose,41.35358951
Malaysia,01/01/2022,Dose,42.03961871
Malaysia,02/01/2022,Dose,43.36133452
Malaysia,03/01/2022,Dose,46.81263032
Malaysia,04/01/2022,Dose,50.59666369
Malaysia,05/01/2022,Dose,53.16234733
Malaysia,06/01/2022,Dose,55.19273161
Malaysia,07/01/2022,Dose,56.71313673
Malaysia,08/01/2022,Dose,60.36937742
Malaysia,09/01/2022,Dose,61.05093834
Malaysia,10/01/2022,Dose,61.64462318
Malaysia,11/01/2022,Dose,62.14328269
Malaysia,12/01/2022,Dose,62.58474829
Malaysia,13/01/2022,Dose,63.18915699
Malaysia,14/01/2022,Dose,63.95114686
Malaysia,15/01/2022,Dose,65.74649985
Malaysia,16/01/2022,Dose,67.32558832
Malaysia,17/01/2022,Dose,68.16621984
Malaysia,18/01/2022,Dose,62.84450402
Malaysia,19/01/2022,Dose,63.38129282
Malaysia,20/01/2022,Dose,62.57223712
Malaysia,21/01/2022,Dose,60.9642538
Malaysia,22/01/2022,Dose,60.55495979
Malaysia,23/01/2022,Dose,59.88382484
Malaysia,24/01/2022,Dose,58.1808162
Malaysia,25/01/2022,Dose,61.80339589
Malaysia,26/01/2022,Dose,59.22549896
Malaysia,27/01/2022,Dose,57.36371761
Malaysia,28/01/2022,Dose,56.57015192
Malaysia,29/01/2022,Dose,54.00714924
Malaysia,30/01/2022,Dose,51.82394996
Malaysia,31/01/2022,Dose,47.17753947
Malaysia,01/02/2022,Dose,39.1173667
Malaysia,02/02/2022,Dose,31.3458445
Malaysia,03/02/2022,Dose,26.83884421
Malaysia,04/02/2022,Dose,22.97080727
Malaysia,05/02/2022,Dose,21.89812332
Malaysia,06/02/2022,Dose,21.38665475
Malaysia,07/02/2022,Dose,22.44682752
Malaysia,08/02/2022,Dose,27.9264224
Malaysia,09/02/2022,Dose,33.9025916
Malaysia,10/02/2022,Dose,37.08668454
Malaysia,11/02/2022,Dose,40.17217754
Malaysia,12/02/2022,Dose,43.25111707
Malaysia,13/02/2022,Dose,45.3976765
Malaysia,14/02/2022,Dose,46.66517724
Malaysia,15/02/2022,Dose,46.68602919
Malaysia,16/02/2022,Dose,46.57551385
Malaysia,17/02/2022,Dose,46.53738457
Malaysia,18/02/2022,Dose,46.44891272
Malaysia,19/02/2022,Dose,46.74024427
Malaysia,20/02/2022,Dose,47.14149538
Malaysia,21/02/2022,Dose,46.62079237
Malaysia,22/02/2022,Dose,46.36103664
Malaysia,23/02/2022,Dose,45.47542449
Malaysia,24/02/2022,Dose,43.91689008
Malaysia,25/02/2022,Dose,42.75990468
Malaysia,26/02/2022,Dose,41.37235627
Malaysia,27/02/2022,Dose,40.21924337
Malaysia,28/02/2022,Dose,39.29669348
Malaysia,01/03/2022,Dose,37.26511766
Malaysia,02/03/2022,Dose,35.27792672
Malaysia,03/03/2022,Dose,33.50282991
Malaysia,04/03/2022,Dose,31.30235329
Malaysia,05/03/2022,Dose,29.11855824
Malaysia,06/03/2022,Dose,27.20405124
Malaysia,07/03/2022,Dose,24.91420912
Malaysia,08/03/2022,Dose,23.48019065
Malaysia,09/03/2022,Dose,21.93267799
Malaysia,10/03/2022,Dose,20.53351206
Malaysia,11/03/2022,Dose,19.49865952
Malaysia,12/03/2022,Dose,18.56776884
Malaysia,13/03/2022,Dose,18.03515043
Malaysia,14/03/2022,Dose,17.51653262
Malaysia,15/03/2022,Dose,17.0119154
Malaysia,16/03/2022,Dose,16.38725052
Malaysia,17/03/2022,Dose,15.59696157
Malaysia,18/03/2022,Dose,14.85165326
Malaysia,19/03/2022,Dose,14.31128984
Malaysia,20/03/2022,Dose,13.57521597
Malaysia,21/03/2022,Dose,12.54364015
Malaysia,22/03/2022,Dose,11.32082216
Malaysia,23/03/2022,Dose,10.43401847
Malaysia,24/03/2022,Dose,9.677986297
Malaysia,25/03/2022,Dose,9.331546023
Malaysia,26/03/2022,Dose,9.201370271
Malaysia,27/03/2022,Dose,9.037533512
Malaysia,28/03/2022,Dose,9.64253798
Malaysia,29/03/2022,Dose,10.48733989
Malaysia,30/03/2022,Dose,11.55883229
Malaysia,31/03/2022,Dose,12.82424784
Malaysia,01/04/2022,Dose,12.92672029
Malaysia,02/04/2022,Dose,12.69466786
Malaysia,03/04/2022,Dose,12.39201668
Malaysia,04/04/2022,Dose,11.55317248
Malaysia,05/04/2022,Dose,10.4810843
Malaysia,06/04/2022,Dose,9.359547215
Malaysia,07/04/2022,Dose,8.164730414
Malaysia,08/04/2022,Dose,8.210306822
Malaysia,09/04/2022,Dose,8.943401847
Malaysia,10/04/2022,Dose,9.927613941
Malaysia,11/04/2022,Dose,10.99940423
Malaysia,12/04/2022,Dose,12.00565982
Malaysia,13/04/2022,Dose,12.97765862
Malaysia,14/04/2022,Dose,14.2663092
Malaysia,15/04/2022,Dose,15.20971105
Malaysia,16/04/2022,Dose,16.88620792
Malaysia,17/04/2022,Dose,17.83914209
Malaysia,18/04/2022,Dose,18.27941615
Malaysia,19/04/2022,Dose,18.36699434
Malaysia,20/04/2022,Dose,18.98868037
Malaysia,21/04/2022,Dose,19.16175156
Malaysia,22/04/2022,Dose,19.57521597
Malaysia,23/04/2022,Dose,19.40988978
Malaysia,24/04/2022,Dose,19.12511171
Malaysia,25/04/2022,Dose,18.39052726
Malaysia,26/04/2022,Dose,17.83080131
Malaysia,27/04/2022,Dose,16.68453977
Malaysia,28/04/2022,Dose,15.39022937
Malaysia,29/04/2022,Dose,14.2386059
Malaysia,30/04/2022,Dose,12.45099791
Malaysia,01/05/2022,Dose,10.60798332
Malaysia,02/05/2022,Dose,8.939231457
Malaysia,03/05/2022,Dose,7.430443849
Malaysia,04/05/2022,Dose,5.928209711
Malaysia,05/05/2022,Dose,4.987488829
Malaysia,06/05/2022,Dose,4.112004766
Malaysia,07/05/2022,Dose,3.580577897
Malaysia,08/05/2022,Dose,4.322013703
Malaysia,09/05/2022,Dose,5.551980935
Malaysia,10/05/2022,Dose,6.893059279
Malaysia,11/05/2022,Dose,8.295501936
Malaysia,12/05/2022,Dose,9.588025022
Malaysia,13/05/2022,Dose,11.09919571
Malaysia,14/05/2022,Dose,12.09055704
Malaysia,15/05/2022,Dose,11.90288948
Malaysia,16/05/2022,Dose,11.0497468
Malaysia,17/05/2022,Dose,10.40840036
Malaysia,18/05/2022,Dose,9.54095919
Malaysia,19/05/2022,Dose,8.479892761
Malaysia,20/05/2022,Dose,7.129579982
Malaysia,21/05/2022,Dose,6.123622282
Malaysia,22/05/2022,Dose,5.736967531
Malaysia,23/05/2022,Dose,5.751266011
Malaysia,24/05/2022,Dose,5.54632112
Malaysia,25/05/2022,Dose,5.453976765
Malaysia,26/05/2022,Dose,5.409591898
Malaysia,27/05/2022,Dose,5.323205243
Malaysia,28/05/2022,Dose,5.157283289
Malaysia,29/05/2022,Dose,5.090557045
Malaysia,30/05/2022,Dose,5.174858505
Malaysia,31/05/2022,Dose,5.297587131
Malaysia,01/06/2022,Dose,4.991361335
Malaysia,02/06/2022,Dose,4.552576705
Malaysia,03/06/2022,Dose,4.014894251
Malaysia,04/06/2022,Dose,3.490020852
Malaysia,05/06/2022,Dose,3.060470658
Malaysia,06/06/2022,Dose,2.563896336
Malaysia,07/06/2022,Dose,2.162943104
Malaysia,08/06/2022,Dose,2.197199881
Malaysia,09/06/2022,Dose,2.293416741
Malaysia,10/06/2022,Dose,2.407804587
Malaysia,11/06/2022,Dose,2.571343461
Malaysia,12/06/2022,Dose,2.699434018
Malaysia,13/06/2022,Dose,2.935954721
Malaysia,14/06/2022,Dose,2.980935359
Malaysia,15/06/2022,Dose,3.100089366
Malaysia,16/06/2022,Dose,3.223115877
Malaysia,17/06/2022,Dose,3.405719392
Malaysia,18/06/2022,Dose,3.563598451
Malaysia,19/06/2022,Dose,3.656836461
Malaysia,20/06/2022,Dose,3.648495681
Malaysia,21/06/2022,Dose,3.64134644
Malaysia,22/06/2022,Dose,3.670837057
Malaysia,23/06/2022,Dose,3.716115579
Malaysia,24/06/2022,Dose,3.804587429
Malaysia,25/06/2022,Dose,3.663389931
Malaysia,26/06/2022,Dose,3.534405719
Malaysia,27/06/2022,Dose,3.4512958
Malaysia,28/06/2022,Dose,3.355376825
Malaysia,29/06/2022,Dose,3.146261543
Malaysia,30/06/2022,Dose,2.911230265
Malaysia,01/07/2022,Dose,2.473935061
Malaysia,02/07/2022,Dose,2.278820375
Malaysia,03/07/2022,Dose,2.27911826
Malaysia,04/07/2022,Dose,2.332737563
Malaysia,05/07/2022,Dose,2.462913315
Malaysia,06/07/2022,Dose,2.676496872
Malaysia,07/07/2022,Dose,3.012213286
Malaysia,08/07/2022,Dose,3.426869228
Malaysia,09/07/2022,Dose,3.586833482
Malaysia,10/07/2022,Dose,3.486148347
Malaysia,11/07/2022,Dose,3.397974382
Malaysia,12/07/2022,Dose,3.476318141
Malaysia,13/07/2022,Dose,3.582663092
Malaysia,14/07/2022,Dose,3.604110813
Malaysia,15/07/2022,Dose,3.72922252
Malaysia,16/07/2022,Dose,4.023235031
Malaysia,17/07/2022,Dose,4.343163539
Malaysia,18/07/2022,Dose,4.669347632
Malaysia,19/07/2022,Dose,4.801012809
Malaysia,20/07/2022,Dose,4.907655645
Malaysia,21/07/2022,Dose,5.045874293
Malaysia,22/07/2022,Dose,5.048853143
Malaysia,23/07/2022,Dose,5.002680965
Malaysia,24/07/2022,Dose,4.998510575
Malaysia,25/07/2022,Dose,5.09085493
Malaysia,26/07/2022,Dose,5.214477212
Malaysia,27/07/2022,Dose,5.148048853
Malaysia,28/07/2022,Dose,5.008042895
Malaysia,29/07/2022,Dose,4.886207924
Malaysia,30/07/2022,Dose,4.563598451
Malaysia,31/07/2022,Dose,4.394995532
Malaysia,01/08/2022,Dose,4.114089961
Malaysia,02/08/2022,Dose,3.784331248
Malaysia,03/08/2022,Dose,3.570747691
Malaysia,04/08/2022,Dose,3.319630623
Malaysia,05/08/2022,Dose,2.981829014
Malaysia,06/08/2022,Dose,2.872207328
Malaysia,07/08/2022,Dose,2.684837653
Malaysia,08/08/2022,Dose,2.593982723
Malaysia,09/08/2022,Dose,2.506106643
Malaysia,10/08/2022,Dose,2.421805183
Malaysia,11/08/2022,Dose,2.304140602
Malaysia,12/08/2022,Dose,2.207030086
Malaysia,13/08/2022,Dose,2.151027703
Malaysia,14/08/2022,Dose,2.134048257
Malaysia,15/08/2022,Dose,2.056598153
Malaysia,16/08/2022,Dose,1.972892464
Malaysia,17/08/2022,Dose,1.91808162
Malaysia,18/08/2022,Dose,1.891271969
Malaysia,19/08/2022,Dose,1.869526363
Malaysia,20/08/2022,Dose,1.796842419
Malaysia,21/08/2022,Dose,1.758415252
Malaysia,22/08/2022,Dose,1.735478105
Malaysia,23/08/2022,Dose,1.698242478
Malaysia,24/08/2022,Dose,1.675305332
Malaysia,25/08/2022,Dose,1.577896932
Malaysia,26/08/2022,Dose,1.455764075
Malaysia,27/08/2022,Dose,1.413166518
Malaysia,28/08/2022,Dose,1.369675305
Malaysia,29/08/2022,Dose,1.340482574
Malaysia,30/08/2022,Dose,1.327375633
Malaysia,31/08/2022,Dose,1.157283289
Malaysia,01/09/2022,Dose,1.094131665
Malaysia,02/09/2022,Dose,1.042001787
Malaysia,03/09/2022,Dose,0.968424188
Malaysia,04/09/2022,Dose,0.931188561
Malaysia,05/09/2022,Dose,0.888293119
Malaysia,06/09/2022,Dose,0.837652666
Malaysia,07/09/2022,Dose,0.911826035
Malaysia,08/09/2022,Dose,0.945487042
Malaysia,09/09/2022,Dose,0.905868335
Malaysia,10/09/2022,Dose,0.893952934
Malaysia,11/09/2022,Dose,0.887995234
Malaysia,12/09/2022,Dose,0.865653858
Malaysia,13/09/2022,Dose,0.856419422
Malaysia,14/09/2022,Dose,0.836461126
Malaysia,15/09/2022,Dose,0.80994936
Malaysia,16/09/2022,Dose,0.690795353
Malaysia,17/09/2022,Dose,0.663687817
Malaysia,18/09/2022,Dose,0.646708371
Malaysia,19/09/2022,Dose,0.638665475
Malaysia,20/09/2022,Dose,0.632707775
Malaysia,21/09/2022,Dose,0.606493893
Malaysia,22/09/2022,Dose,0.572832887
Malaysia,23/09/2022,Dose,0.684241883
Malaysia,24/09/2022,Dose,0.705987489
Malaysia,25/09/2022,Dose,0.716711349
Malaysia,26/09/2022,Dose,0.713434614
Malaysia,27/09/2022,Dose,0.691689008
Malaysia,28/09/2022,Dose,0.685433423
Malaysia,29/09/2022,Dose,0.652368186
Malaysia,30/09/2022,Dose,0.6341972
Malaysia,01/10/2022,Dose,0.610664284
Malaysia,02/10/2022,Dose,0.600238308
Malaysia,03/10/2022,Dose,0.578790587
Malaysia,04/10/2022,Dose,0.556151326
Malaysia,05/10/2022,Dose,0.537682455
Malaysia,06/10/2022,Dose,0.512957998
Malaysia,07/10/2022,Dose,0.451593685
Malaysia,08/10/2022,Dose,0.443252904
Malaysia,09/10/2022,Dose,0.422400953
Malaysia,10/10/2022,Dose,0.407506702
Malaysia,11/10/2022,Dose,0.399761692
Malaysia,12/10/2022,Dose,0.400059577
Malaysia,13/10/2022,Dose,0.398868037
Malaysia,14/10/2022,Dose,0.391718797
Malaysia,15/10/2022,Dose,0.383080131
Malaysia,16/10/2022,Dose,0.388442061
Malaysia,17/10/2022,Dose,0.402740542
Malaysia,18/10/2022,Dose,0.404825737
Malaysia,19/10/2022,Dose,0.387548406
Malaysia,20/10/2022,Dose,0.412272863
Malaysia,21/10/2022,Dose,0.405123622
Malaysia,22/10/2022,Dose,0.392612452
Malaysia,23/10/2022,Dose,0.391718797
Malaysia,24/10/2022,Dose,0.366100685
Malaysia,25/10/2022,Dose,0.347333929
Malaysia,26/10/2022,Dose,0.347929699
Malaysia,27/10/2022,Dose,0.314268692
Malaysia,28/10/2022,Dose,0.301459637
Malaysia,29/10/2022,Dose,0.305034257
Malaysia,30/10/2022,Dose,0.305927912
Malaysia,31/10/2022,Dose,0.341078344
Malaysia,01/11/2022,Dose,0.363717605
Malaysia,02/11/2022,Dose,0.397974382
Malaysia,03/11/2022,Dose,0.439380399
Malaysia,04/11/2022,Dose,0.510277033
Malaysia,05/11/2022,Dose,0.557044981
Malaysia,06/11/2022,Dose,0.580280012
Malaysia,07/11/2022,Dose,0.640452785
Malaysia,08/11/2022,Dose,0.706285374
Malaysia,09/11/2022,Dose,0.780160858
Malaysia,10/11/2022,Dose,0.844206136
Malaysia,11/11/2022,Dose,0.940422997
Malaysia,12/11/2022,Dose,1.00536193
Malaysia,13/11/2022,Dose,1.039618707
Malaysia,14/11/2022,Dose,1.08430146
Malaysia,15/11/2022,Dose,1.118856122
Malaysia,16/11/2022,Dose,1.158176944
Malaysia,17/11/2022,Dose,1.210008937
Malaysia,18/11/2022,Dose,1.120047662
Malaysia,19/11/2022,Dose,0.990467679
Malaysia,20/11/2022,Dose,0.964253798
Malaysia,21/11/2022,Dose,0.919571046
Malaysia,22/11/2022,Dose,0.880548108
Malaysia,23/11/2022,Dose,0.821566875
Malaysia,24/11/2022,Dose,0.770330652
Malaysia,25/11/2022,Dose,0.805183199
Malaysia,26/11/2022,Dose,0.894846589
Malaysia,27/11/2022,Dose,0.899612749
Malaysia,28/11/2022,Dose,0.862972892
Malaysia,29/11/2022,Dose,0.852844802
Malaysia,30/11/2022,Dose,0.853738457
Malaysia,01/12/2022,Dose,0.825141495
Malaysia,02/12/2022,Dose,0.791480489
Malaysia,03/12/2022,Dose,0.762585642
Malaysia,04/12/2022,Dose,0.754840632
Malaysia,05/12/2022,Dose,0.761989872
Malaysia,06/12/2022,Dose,0.754840632
Malaysia,07/12/2022,Dose,0.72922252
Malaysia,08/12/2022,Dose,0.757819482
Malaysia,09/12/2022,Dose,0.778969318
Malaysia,10/12/2022,Dose,0.764372952
Malaysia,11/12/2022,Dose,0.747095621
Malaysia,12/12/2022,Dose,0.752159666
Malaysia,13/12/2022,Dose,0.738456956
Malaysia,14/12/2022,Dose,0.72505213
Malaysia,15/12/2022,Dose,0.675603217
Malaysia,16/12/2022,Dose,0.63658028
Malaysia,17/12/2022,Dose,0.641644325
Malaysia,18/12/2022,Dose,0.641048555
Malaysia,19/12/2022,Dose,0.607685433
Malaysia,20/12/2022,Dose,0.612153709
Malaysia,21/12/2022,Dose,0.585046172
Malaysia,22/12/2022,Dose,0.55406613
Malaysia,23/12/2022,Dose,0.521596664
Malaysia,24/12/2022,Dose,0.480488531
Malaysia,25/12/2022,Dose,0.457551385
Malaysia,26/12/2022,Dose,0.454572535
Malaysia,27/12/2022,Dose,0.442359249
Malaysia,28/12/2022,Dose,0.467381591
Malaysia,29/12/2022,Dose,0.513851653
Malaysia,30/12/2022,Dose,0.571641346
Malaysia,31/12/2022,Dose,0.63598451
Malaysia,25/02/2021,New_case,79.232
Malaysia,26/02/2021,New_case,76.357
Malaysia,27/02/2021,New_case,75.949
Malaysia,28/02/2021,New_case,72.329
Malaysia,01/03/2021,New_case,70.797
Malaysia,02/03/2021,New_case,66.954
Malaysia,03/03/2021,New_case,59.377
Malaysia,04/03/2021,New_case,59.962
Malaysia,05/03/2021,New_case,59.545
Malaysia,06/03/2021,New_case,56.666
Malaysia,07/03/2021,New_case,53.492
Malaysia,08/03/2021,New_case,52.234
Malaysia,09/03/2021,New_case,51.076
Malaysia,10/03/2021,New_case,49.826
Malaysia,11/03/2021,New_case,48.075
Malaysia,12/03/2021,New_case,45.638
Malaysia,13/03/2021,New_case,44.754
Malaysia,14/03/2021,New_case,43.369
Malaysia,15/03/2021,New_case,42.018
Malaysia,16/03/2021,New_case,41.104
Malaysia,17/03/2021,New_case,40.14
Malaysia,18/03/2021,New_case,38.313
Malaysia,19/03/2021,New_case,38.318
Malaysia,20/03/2021,New_case,39.164
Malaysia,21/03/2021,New_case,39.05
Malaysia,22/03/2021,New_case,38.663
Malaysia,23/03/2021,New_case,40.014
Malaysia,24/03/2021,New_case,40.22
Malaysia,25/03/2021,New_case,40.839
Malaysia,26/03/2021,New_case,39.572
Malaysia,27/03/2021,New_case,37.585
Malaysia,28/03/2021,New_case,37.48
Malaysia,29/03/2021,New_case,36.743
Malaysia,30/03/2021,New_case,35.687
Malaysia,31/03/2021,New_case,36.587
Malaysia,01/04/2021,New_case,35.821
Malaysia,02/04/2021,New_case,35.901
Malaysia,03/04/2021,New_case,37.749
Malaysia,04/04/2021,New_case,37.947
Malaysia,05/04/2021,New_case,38.49
Malaysia,06/04/2021,New_case,39.193
Malaysia,07/04/2021,New_case,37.749
Malaysia,08/04/2021,New_case,38.2
Malaysia,09/04/2021,New_case,40.557
Malaysia,10/04/2021,New_case,40.018
Malaysia,11/04/2021,New_case,41.66
Malaysia,12/04/2021,New_case,42.699
Malaysia,13/04/2021,New_case,44.665
Malaysia,14/04/2021,New_case,47.822
Malaysia,15/04/2021,New_case,51.455
Malaysia,16/04/2021,New_case,54.389
Malaysia,17/04/2021,New_case,57.845
Malaysia,18/04/2021,New_case,59.764
Malaysia,19/04/2021,New_case,62.967
Malaysia,20/04/2021,New_case,65.384
Malaysia,21/04/2021,New_case,67.282
Malaysia,22/04/2021,New_case,70.342
Malaysia,23/04/2021,New_case,71.588
Malaysia,24/04/2021,New_case,73.213
Malaysia,25/04/2021,New_case,75.296
Malaysia,26/04/2021,New_case,78.235
Malaysia,27/04/2021,New_case,79.885
Malaysia,28/04/2021,New_case,83.261
Malaysia,29/04/2021,New_case,85.184
Malaysia,30/04/2021,New_case,89.145
Malaysia,01/05/2021,New_case,89.836
Malaysia,02/05/2021,New_case,92.9
Malaysia,03/05/2021,New_case,91.738
Malaysia,04/05/2021,New_case,93.367
Malaysia,05/05/2021,New_case,95.901
Malaysia,06/05/2021,New_case,96.823
Malaysia,07/05/2021,New_case,99.812
Malaysia,08/05/2021,New_case,106.707
Malaysia,09/05/2021,New_case,108.032
Malaysia,10/05/2021,New_case,113.534
Malaysia,11/05/2021,New_case,117.125
Malaysia,12/05/2021,New_case,121.422
Malaysia,13/05/2021,New_case,126.911
Malaysia,14/05/2021,New_case,125.291
Malaysia,15/05/2021,New_case,123.695
Malaysia,16/05/2021,New_case,123.893
Malaysia,17/05/2021,New_case,126.583
Malaysia,18/05/2021,New_case,130.338
Malaysia,19/05/2021,New_case,135.852
Malaysia,20/05/2021,New_case,144.064
Malaysia,21/05/2021,New_case,154.083
Malaysia,22/05/2021,New_case,163.259
Malaysia,23/05/2021,New_case,176.712
Malaysia,24/05/2021,New_case,185.396
Malaysia,25/05/2021,New_case,195.599
Malaysia,26/05/2021,New_case,201.505
Malaysia,27/05/2021,New_case,205.929
Malaysia,28/05/2021,New_case,213.493
Malaysia,29/05/2021,New_case,224.858
Malaysia,30/05/2021,New_case,224.955
Malaysia,31/05/2021,New_case,226.281
Malaysia,01/06/2021,New_case,225.506
Malaysia,02/06/2021,New_case,226.454
Malaysia,03/06/2021,New_case,227.935
Malaysia,04/06/2021,New_case,225.654
Malaysia,05/06/2021,New_case,219.054
Malaysia,06/06/2021,New_case,215.863
Malaysia,07/06/2021,New_case,209.326
Malaysia,08/06/2021,New_case,202.848
Malaysia,09/06/2021,New_case,196.685
Malaysia,10/06/2021,New_case,186.002
Malaysia,11/06/2021,New_case,182.218
Malaysia,12/06/2021,New_case,175.234
Malaysia,13/06/2021,New_case,171.29
Malaysia,14/06/2021,New_case,169.935
Malaysia,15/06/2021,New_case,169.316
Malaysia,16/06/2021,New_case,164.732
Malaysia,17/06/2021,New_case,165.014
Malaysia,18/06/2021,New_case,163.293
Malaysia,19/06/2021,New_case,163.789
Malaysia,20/06/2021,New_case,163.743
Malaysia,21/06/2021,New_case,162.32
Malaysia,22/06/2021,New_case,159.475
Malaysia,23/06/2021,New_case,159.87
Malaysia,24/06/2021,New_case,160.304
Malaysia,25/06/2021,New_case,157.66
Malaysia,26/06/2021,New_case,157.206
Malaysia,27/06/2021,New_case,158.439
Malaysia,28/06/2021,New_case,160.994
Malaysia,29/06/2021,New_case,168.125
Malaysia,30/06/2021,New_case,172.469
Malaysia,01/07/2021,New_case,177.297
Malaysia,02/07/2021,New_case,182.222
Malaysia,03/07/2021,New_case,185.821
Malaysia,04/07/2021,New_case,187.753
Malaysia,05/07/2021,New_case,192.674
Malaysia,06/07/2021,New_case,197.796
Malaysia,07/07/2021,New_case,201.252
Malaysia,08/07/2021,New_case,209.166
Malaysia,09/07/2021,New_case,218.418
Malaysia,10/07/2021,New_case,229.762
Malaysia,11/07/2021,New_case,242.643
Malaysia,12/07/2021,New_case,251.848
Malaysia,13/07/2021,New_case,266.265
Malaysia,14/07/2021,New_case,285.296
Malaysia,15/07/2021,New_case,303.594
Malaysia,16/07/2021,New_case,317.741
Malaysia,17/07/2021,New_case,331.106
Malaysia,18/07/2021,New_case,337.862
Malaysia,19/07/2021,New_case,347.956
Malaysia,20/07/2021,New_case,353.373
Malaysia,21/07/2021,New_case,354.918
Malaysia,22/07/2021,New_case,354.156
Malaysia,23/07/2021,New_case,366.919
Malaysia,24/07/2021,New_case,381.121
Malaysia,25/07/2021,New_case,407.787
Malaysia,26/07/2021,New_case,422.705
Malaysia,27/07/2021,New_case,438.494
Malaysia,28/07/2021,New_case,461.309
Malaysia,29/07/2021,New_case,478.719
Malaysia,30/07/2021,New_case,484.052
Malaysia,31/07/2021,New_case,491.982
Malaysia,01/08/2021,New_case,492.424
Malaysia,02/08/2021,New_case,497.677
Malaysia,03/08/2021,New_case,501.836
Malaysia,04/08/2021,New_case,511.998
Malaysia,05/08/2021,New_case,526.419
Malaysia,06/08/2021,New_case,543.462
Malaysia,07/08/2021,New_case,549.654
Malaysia,08/08/2021,New_case,556.128
Malaysia,09/08/2021,New_case,562.324
Malaysia,10/08/2021,New_case,574.472
Malaysia,11/08/2021,New_case,578.518
Malaysia,12/08/2021,New_case,583.03
Malaysia,13/08/2021,New_case,585.467
Malaysia,14/08/2021,New_case,591.415
Malaysia,15/08/2021,New_case,599.236
Malaysia,16/08/2021,New_case,609.776
Malaysia,17/08/2021,New_case,608.261
Malaysia,18/08/2021,New_case,614.415
Malaysia,19/08/2021,New_case,619.803
Malaysia,20/08/2021,New_case,628.626
Malaysia,21/08/2021,New_case,635.327
Malaysia,22/08/2021,New_case,632.216
Malaysia,23/08/2021,New_case,623.511
Malaysia,24/08/2021,New_case,628.588
Malaysia,25/08/2021,New_case,630.271
Malaysia,26/08/2021,New_case,637.221
Malaysia,27/08/2021,New_case,630.932
Malaysia,28/08/2021,New_case,632.342
Malaysia,29/08/2021,New_case,635.592
Malaysia,30/08/2021,New_case,642.31
Malaysia,31/08/2021,New_case,642.563
Malaysia,01/09/2021,New_case,626.23
Malaysia,02/09/2021,New_case,611.031
Malaysia,03/09/2021,New_case,599.699
Malaysia,04/09/2021,New_case,584.798
Malaysia,05/09/2021,New_case,584.028
Malaysia,06/09/2021,New_case,575.963
Malaysia,07/09/2021,New_case,566.071
Malaysia,08/09/2021,New_case,570.158
Malaysia,09/09/2021,New_case,563.082
Malaysia,10/09/2021,New_case,570.65
Malaysia,11/09/2021,New_case,572.726
Malaysia,12/09/2021,New_case,567.683
Malaysia,13/09/2021,New_case,562.299
Malaysia,14/09/2021,New_case,550.185
Malaysia,15/09/2021,New_case,549.183
Malaysia,16/09/2021,New_case,547.112
Malaysia,17/09/2021,New_case,531.962
Malaysia,18/09/2021,New_case,515.121
Malaysia,19/09/2021,New_case,497.257
Malaysia,20/09/2021,New_case,489.983
Malaysia,21/09/2021,New_case,490.362
Malaysia,22/09/2021,New_case,471.399
Malaysia,23/09/2021,New_case,450.095
Malaysia,24/09/2021,New_case,437.37
Malaysia,25/09/2021,New_case,430.425
Malaysia,26/09/2021,New_case,422.638
Malaysia,27/09/2021,New_case,408.385
Malaysia,28/09/2021,New_case,389.75
Malaysia,29/09/2021,New_case,378.991
Malaysia,30/09/2021,New_case,374.702
Malaysia,01/10/2021,New_case,363.484
Malaysia,02/10/2021,New_case,350.923
Malaysia,03/10/2021,New_case,333.926
Malaysia,04/10/2021,New_case,321.786
Malaysia,05/10/2021,New_case,311.2
Malaysia,06/10/2021,New_case,298.345
Malaysia,07/10/2021,New_case,286.369
Malaysia,08/10/2021,New_case,277.37
Malaysia,09/10/2021,New_case,268.227
Malaysia,10/10/2021,New_case,261.101
Malaysia,11/10/2021,New_case,255.351
Malaysia,12/10/2021,New_case,248.864
Malaysia,13/10/2021,New_case,242.845
Malaysia,14/10/2021,New_case,235.243
Malaysia,15/10/2021,New_case,225.431
Malaysia,16/10/2021,New_case,220.236
Malaysia,17/10/2021,New_case,215.067
Malaysia,18/10/2021,New_case,209.7
Malaysia,19/10/2021,New_case,203.256
Malaysia,20/10/2021,New_case,193.01
Malaysia,21/10/2021,New_case,185.122
Malaysia,22/10/2021,New_case,181.797
Malaysia,23/10/2021,New_case,174.721
Malaysia,24/10/2021,New_case,172.705
Malaysia,25/10/2021,New_case,169.96
Malaysia,26/10/2021,New_case,169.88
Malaysia,27/10/2021,New_case,172.54
Malaysia,28/10/2021,New_case,173.243
Malaysia,29/10/2021,New_case,170.844
Malaysia,30/10/2021,New_case,170.954
Malaysia,31/10/2021,New_case,168.062
Malaysia,01/11/2021,New_case,167.405
Malaysia,02/11/2021,New_case,164.648
Malaysia,03/11/2021,New_case,161.041
Malaysia,04/11/2021,New_case,158.246
Malaysia,05/11/2021,New_case,153.455
Malaysia,06/11/2021,New_case,148.602
Malaysia,07/11/2021,New_case,145.925
Malaysia,08/11/2021,New_case,145.575
Malaysia,09/11/2021,New_case,146.973
Malaysia,10/11/2021,New_case,150.98
Malaysia,11/11/2021,New_case,153.548
Malaysia,12/11/2021,New_case,160.262
Malaysia,13/11/2021,New_case,164.926
Malaysia,14/11/2021,New_case,168.373
Malaysia,15/11/2021,New_case,170.899
Malaysia,16/11/2021,New_case,170.941
Malaysia,17/11/2021,New_case,171.13
Malaysia,18/11/2021,New_case,171.37
Malaysia,19/11/2021,New_case,170.688
Malaysia,20/11/2021,New_case,170.899
Malaysia,21/11/2021,New_case,169.602
Malaysia,22/11/2021,New_case,168.516
Malaysia,23/11/2021,New_case,169.278
Malaysia,24/11/2021,New_case,167.035
Malaysia,25/11/2021,New_case,166.041
Malaysia,26/11/2021,New_case,162.446
Malaysia,27/11/2021,New_case,159.239
Malaysia,28/11/2021,New_case,156.65
Malaysia,29/11/2021,New_case,153.291
Malaysia,30/11/2021,New_case,150.281
Malaysia,01/12/2021,New_case,148.951
Malaysia,02/12/2021,New_case,147.529
Malaysia,03/12/2021,New_case,147.739
Malaysia,04/12/2021,New_case,146.893
Malaysia,05/12/2021,New_case,147.141
Malaysia,06/12/2021,New_case,147.878
Malaysia,07/12/2021,New_case,148.24
Malaysia,08/12/2021,New_case,146.476
Malaysia,09/12/2021,New_case,144.961
Malaysia,10/12/2021,New_case,142.886
Malaysia,11/12/2021,New_case,141.749
Malaysia,12/12/2021,New_case,138.348
Malaysia,13/12/2021,New_case,135.157
Malaysia,14/12/2021,New_case,131.504
Malaysia,15/12/2021,New_case,126.789
Malaysia,16/12/2021,New_case,121.805
Malaysia,17/12/2021,New_case,118.876
Malaysia,18/12/2021,New_case,116.59
Malaysia,19/12/2021,New_case,114.982
Malaysia,20/12/2021,New_case,111.131
Malaysia,21/12/2021,New_case,107.102
Malaysia,22/12/2021,New_case,105.498
Malaysia,23/12/2021,New_case,102.333
Malaysia,24/12/2021,New_case,98.822
Malaysia,25/12/2021,New_case,94.937
Malaysia,26/12/2021,New_case,93.548
Malaysia,27/12/2021,New_case,94.255
Malaysia,28/12/2021,New_case,93.232
Malaysia,29/12/2021,New_case,93.923
Malaysia,30/12/2021,New_case,95.973
Malaysia,31/12/2021,New_case,96.162
Malaysia,01/01/2022,New_case,97.113
Malaysia,02/01/2022,New_case,97.551
Malaysia,03/01/2022,New_case,97.269
Malaysia,04/01/2022,New_case,97.038
Malaysia,05/01/2022,New_case,95.299
Malaysia,06/01/2022,New_case,93.388
Malaysia,07/01/2022,New_case,92.58
Malaysia,08/01/2022,New_case,92.012
Malaysia,09/01/2022,New_case,92.037
Malaysia,10/01/2022,New_case,91.831
Malaysia,11/01/2022,New_case,93.232
Malaysia,12/01/2022,New_case,92.929
Malaysia,13/01/2022,New_case,93.523
Malaysia,14/01/2022,New_case,93.376
Malaysia,15/01/2022,New_case,92.631
Malaysia,16/01/2022,New_case,93.144
Malaysia,17/01/2022,New_case,91.885
Malaysia,18/01/2022,New_case,92.18
Malaysia,19/01/2022,New_case,92.311
Malaysia,20/01/2022,New_case,92.647
Malaysia,21/01/2022,New_case,95.594
Malaysia,22/01/2022,New_case,99.98
Malaysia,23/01/2022,New_case,103.541
Malaysia,24/01/2022,New_case,107.212
Malaysia,25/01/2022,New_case,110.667
Malaysia,26/01/2022,New_case,117.045
Malaysia,27/01/2022,New_case,124.095
Malaysia,28/01/2022,New_case,130.308
Malaysia,29/01/2022,New_case,134.614
Malaysia,30/01/2022,New_case,139.072
Malaysia,31/01/2022,New_case,145.639
Malaysia,01/02/2022,New_case,151.953
Malaysia,02/02/2022,New_case,156.128
Malaysia,03/02/2022,New_case,157.311
Malaysia,04/02/2022,New_case,164.517
Malaysia,05/02/2022,New_case,181.262
Malaysia,06/02/2022,New_case,203.041
Malaysia,07/02/2022,New_case,229.392
Malaysia,08/02/2022,New_case,264.657
Malaysia,09/02/2022,New_case,312.635
Malaysia,10/02/2022,New_case,368.914
Malaysia,11/02/2022,New_case,426.603
Malaysia,12/02/2022,New_case,484.208
Malaysia,13/02/2022,New_case,530.439
Malaysia,14/02/2022,New_case,573.715
Malaysia,15/02/2022,New_case,608.185
Malaysia,16/02/2022,New_case,653.212
Malaysia,17/02/2022,New_case,685.249
Malaysia,18/02/2022,New_case,714.163
Malaysia,19/02/2022,New_case,739.516
Malaysia,20/02/2022,New_case,763.762
Malaysia,21/02/2022,New_case,779.69
Malaysia,22/02/2022,New_case,800.93
Malaysia,23/02/2022,New_case,815.107
Malaysia,24/02/2022,New_case,837.707
Malaysia,25/02/2022,New_case,849.645
Malaysia,26/02/2022,New_case,843.221
Malaysia,27/02/2022,New_case,833.262
Malaysia,28/02/2022,New_case,824.848
Malaysia,01/03/2022,New_case,819.27
Malaysia,02/03/2022,New_case,803.7
Malaysia,03/03/2022,New_case,805.371
Malaysia,04/03/2022,New_case,816.168
Malaysia,05/03/2022,New_case,841.874
Malaysia,06/03/2022,New_case,854.372
Malaysia,07/03/2022,New_case,870.182
Malaysia,08/03/2022,New_case,893.906
Malaysia,09/03/2022,New_case,905.465
Malaysia,10/03/2022,New_case,898.393
Malaysia,11/03/2022,New_case,896.671
Malaysia,12/03/2022,New_case,866.549
Malaysia,13/03/2022,New_case,845.924
Malaysia,14/03/2022,New_case,825.61
Malaysia,15/03/2022,New_case,804.748
Malaysia,16/03/2022,New_case,796.548
Malaysia,17/03/2022,New_case,780.624
Malaysia,18/03/2022,New_case,744.597
Malaysia,19/03/2022,New_case,728.142
Malaysia,20/03/2022,New_case,713.704
Malaysia,21/03/2022,New_case,696.017
Malaysia,22/03/2022,New_case,674.756
Malaysia,23/03/2022,New_case,650.312
Malaysia,24/03/2022,New_case,638.997
Malaysia,25/03/2022,New_case,628.886
Malaysia,26/03/2022,New_case,622.918
Malaysia,27/03/2022,New_case,613.48
Malaysia,28/03/2022,New_case,594.572
Malaysia,29/03/2022,New_case,568.188
Malaysia,30/03/2022,New_case,540.617
Malaysia,31/03/2022,New_case,516.388
Malaysia,01/04/2022,New_case,498.023
Malaysia,02/04/2022,New_case,471.794
Malaysia,03/04/2022,New_case,452.924
Malaysia,04/04/2022,New_case,438.89
Malaysia,05/04/2022,New_case,425.429
Malaysia,06/04/2022,New_case,409.282
Malaysia,07/04/2022,New_case,381.643
Malaysia,08/04/2022,New_case,370.985
Malaysia,09/04/2022,New_case,351.98
Malaysia,10/04/2022,New_case,334.015
Malaysia,11/04/2022,New_case,324.489
Malaysia,12/04/2022,New_case,311.798
Malaysia,13/04/2022,New_case,303.156
Malaysia,14/04/2022,New_case,296.501
Malaysia,15/04/2022,New_case,274.314
Malaysia,16/04/2022,New_case,272.327
Malaysia,17/04/2022,New_case,266.059
Malaysia,18/04/2022,New_case,263.538
Malaysia,19/04/2022,New_case,251.192
Malaysia,20/04/2022,New_case,238.21
Malaysia,21/04/2022,New_case,219.209
Malaysia,22/04/2022,New_case,205.188
Malaysia,23/04/2022,New_case,188.01
Malaysia,24/04/2022,New_case,176.994
Malaysia,25/04/2022,New_case,157.37
Malaysia,26/04/2022,New_case,145.971
Malaysia,27/04/2022,New_case,131.251
Malaysia,28/04/2022,New_case,118.775
Malaysia,29/04/2022,New_case,102.935
Malaysia,30/04/2022,New_case,88.131
Malaysia,01/05/2022,New_case,77.595
Malaysia,02/05/2022,New_case,72.855
Malaysia,03/05/2022,New_case,62.589
Malaysia,04/05/2022,New_case,52.415
Malaysia,05/05/2022,New_case,45.44
Malaysia,06/05/2022,New_case,39.85
Malaysia,07/05/2022,New_case,36.756
Malaysia,08/05/2022,New_case,39.492
Malaysia,09/05/2022,New_case,43.255
Malaysia,10/05/2022,New_case,50.339
Malaysia,11/05/2022,New_case,59.882
Malaysia,12/05/2022,New_case,68.856
Malaysia,13/05/2022,New_case,76.34
Malaysia,14/05/2022,New_case,80.554
Malaysia,15/05/2022,New_case,80.916
Malaysia,16/05/2022,New_case,78.605
Malaysia,17/05/2022,New_case,73.823
Malaysia,18/05/2022,New_case,68.334
Malaysia,19/05/2022,New_case,62.921
Malaysia,20/05/2022,New_case,58.855
Malaysia,21/05/2022,New_case,57.386
Malaysia,22/05/2022,New_case,55.597
Malaysia,23/05/2022,New_case,54.953
Malaysia,24/05/2022,New_case,56.843
Malaysia,25/05/2022,New_case,58.581
Malaysia,26/05/2022,New_case,57.407
Malaysia,27/05/2022,New_case,56.624
Malaysia,28/05/2022,New_case,55.029
Malaysia,29/05/2022,New_case,52.255
Malaysia,30/05/2022,New_case,51.333
Malaysia,31/05/2022,New_case,49.367
Malaysia,01/06/2022,New_case,46.753
Malaysia,02/06/2022,New_case,46.888
Malaysia,03/06/2022,New_case,46.749
Malaysia,04/06/2022,New_case,46.522
Malaysia,05/06/2022,New_case,47.376
Malaysia,06/06/2022,New_case,47.397
Malaysia,07/06/2022,New_case,46.037
Malaysia,08/06/2022,New_case,44.813
Malaysia,09/06/2022,New_case,44.855
Malaysia,10/06/2022,New_case,37.093
Malaysia,11/06/2022,New_case,46.707
Malaysia,12/06/2022,New_case,47.603
Malaysia,13/06/2022,New_case,50.811
Malaysia,14/06/2022,New_case,54.153
Malaysia,15/06/2022,New_case,57.529
Malaysia,16/06/2022,New_case,58.143
Malaysia,17/06/2022,New_case,67.109
Malaysia,18/06/2022,New_case,59.751
Malaysia,19/06/2022,New_case,60.252
Malaysia,20/06/2022,New_case,60.257
Malaysia,21/06/2022,New_case,60.252
Malaysia,22/06/2022,New_case,60.694
Malaysia,23/06/2022,New_case,63.906
Malaysia,24/06/2022,New_case,65.514
Malaysia,25/06/2022,New_case,66.251
Malaysia,26/06/2022,New_case,67.568
Malaysia,27/06/2022,New_case,66.731
Malaysia,28/06/2022,New_case,67.168
Malaysia,29/06/2022,New_case,67.926
Malaysia,30/06/2022,New_case,68.225
Malaysia,01/07/2022,New_case,69.323
Malaysia,02/07/2022,New_case,70.271
Malaysia,03/07/2022,New_case,61.839
Malaysia,04/07/2022,New_case,64.542
Malaysia,05/07/2022,New_case,64.091
Malaysia,06/07/2022,New_case,65.468
Malaysia,07/07/2022,New_case,68.389
Malaysia,08/07/2022,New_case,73.638
Malaysia,09/07/2022,New_case,78.108
Malaysia,10/07/2022,New_case,89.89
Malaysia,11/07/2022,New_case,92.955
Malaysia,12/07/2022,New_case,95.055
Malaysia,13/07/2022,New_case,92.584
Malaysia,14/07/2022,New_case,94.154
Malaysia,15/07/2022,New_case,94.483
Malaysia,16/07/2022,New_case,101.306
Malaysia,17/07/2022,New_case,110.769
Malaysia,18/07/2022,New_case,113.681
Malaysia,19/07/2022,New_case,116.472
Malaysia,20/07/2022,New_case,123.026
Malaysia,21/07/2022,New_case,130.397
Malaysia,22/07/2022,New_case,132.455
Malaysia,23/07/2022,New_case,126.857
Malaysia,24/07/2022,New_case,125.884
Malaysia,25/07/2022,New_case,120.681
Malaysia,26/07/2022,New_case,121.608
Malaysia,27/07/2022,New_case,125.215
Malaysia,28/07/2022,New_case,120.24
Malaysia,29/07/2022,New_case,117.457
Malaysia,30/07/2022,New_case,121.582
Malaysia,31/07/2022,New_case,119.288
Malaysia,01/08/2022,New_case,119.553
Malaysia,02/08/2022,New_case,119.187
Malaysia,03/08/2022,New_case,116.851
Malaysia,04/08/2022,New_case,120.332
Malaysia,05/08/2022,New_case,122.382
Malaysia,06/08/2022,New_case,101.925
Malaysia,07/08/2022,New_case,120.193
Malaysia,08/08/2022,New_case,119.962
Malaysia,09/08/2022,New_case,118.488
Malaysia,10/08/2022,New_case,113.77
Malaysia,11/08/2022,New_case,111.943
Malaysia,12/08/2022,New_case,113.702
Malaysia,13/08/2022,New_case,130.3
Malaysia,14/08/2022,New_case,112.296
Malaysia,15/08/2022,New_case,113.631
Malaysia,16/08/2022,New_case,111.838
Malaysia,17/08/2022,New_case,113.294
Malaysia,18/08/2022,New_case,107.485
Malaysia,19/08/2022,New_case,104.286
Malaysia,20/08/2022,New_case,102.379
Malaysia,21/08/2022,New_case,95.914
Malaysia,22/08/2022,New_case,93.468
Malaysia,23/08/2022,New_case,91.957
Malaysia,24/08/2022,New_case,88.981
Malaysia,25/08/2022,New_case,85.277
Malaysia,26/08/2022,New_case,81.636
Malaysia,27/08/2022,New_case,80.07
Malaysia,28/08/2022,New_case,78.778
Malaysia,29/08/2022,New_case,77.628
Malaysia,30/08/2022,New_case,77.073
Malaysia,31/08/2022,New_case,74.64
Malaysia,01/09/2022,New_case,73.394
Malaysia,02/09/2022,New_case,69.816
Malaysia,03/09/2022,New_case,66.491
Malaysia,04/09/2022,New_case,65.451
Malaysia,05/09/2022,New_case,64.243
Malaysia,06/09/2022,New_case,62.306
Malaysia,07/09/2022,New_case,61.982
Malaysia,08/09/2022,New_case,62.353
Malaysia,09/09/2022,New_case,61.806
Malaysia,10/09/2022,New_case,60.383
Malaysia,11/09/2022,New_case,59.234
Malaysia,12/09/2022,New_case,57.462
Malaysia,13/09/2022,New_case,58.981
Malaysia,14/09/2022,New_case,58.455
Malaysia,15/09/2022,New_case,58.468
Malaysia,16/09/2022,New_case,59.095
Malaysia,17/09/2022,New_case,50.718
Malaysia,18/09/2022,New_case,57.361
Malaysia,19/09/2022,New_case,58.017
Malaysia,20/09/2022,New_case,55.744
Malaysia,21/09/2022,New_case,54.587
Malaysia,22/09/2022,New_case,53.24
Malaysia,23/09/2022,New_case,52.692
Malaysia,24/09/2022,New_case,61.406
Malaysia,25/09/2022,New_case,54.566
Malaysia,26/09/2022,New_case,54.435
Malaysia,27/09/2022,New_case,53.926
Malaysia,28/09/2022,New_case,53.442
Malaysia,29/09/2022,New_case,54.848
Malaysia,30/09/2022,New_case,53.256
Malaysia,01/10/2022,New_case,52.991
Malaysia,02/10/2022,New_case,51.737
Malaysia,03/10/2022,New_case,50.693
Malaysia,04/10/2022,New_case,50.937
Malaysia,05/10/2022,New_case,50.647
Malaysia,06/10/2022,New_case,47.603
Malaysia,07/10/2022,New_case,47.296
Malaysia,08/10/2022,New_case,46.374
Malaysia,09/10/2022,New_case,46.378
Malaysia,10/10/2022,New_case,46.77
Malaysia,11/10/2022,New_case,46.757
Malaysia,12/10/2022,New_case,45.949
Malaysia,13/10/2022,New_case,45.553
Malaysia,14/10/2022,New_case,46.799
Malaysia,15/10/2022,New_case,48.664
Malaysia,16/10/2022,New_case,50.331
Malaysia,17/10/2022,New_case,51.421
Malaysia,18/10/2022,New_case,51.291
Malaysia,19/10/2022,New_case,53.741
Malaysia,20/10/2022,New_case,56.548
Malaysia,21/10/2022,New_case,58.531
Malaysia,22/10/2022,New_case,58.636
Malaysia,23/10/2022,New_case,61.141
Malaysia,24/10/2022,New_case,62.58
Malaysia,25/10/2022,New_case,64.798
Malaysia,26/10/2022,New_case,64.251
Malaysia,27/10/2022,New_case,63.582
Malaysia,28/10/2022,New_case,64.428
Malaysia,29/10/2022,New_case,68.355
Malaysia,30/10/2022,New_case,70.506
Malaysia,31/10/2022,New_case,75.734
Malaysia,01/11/2022,New_case,80.684
Malaysia,02/11/2022,New_case,85.609
Malaysia,03/11/2022,New_case,93.325
Malaysia,04/11/2022,New_case,101.529
Malaysia,05/11/2022,New_case,106.458
Malaysia,06/11/2022,New_case,112.738
Malaysia,07/11/2022,New_case,115.336
Malaysia,08/11/2022,New_case,113.686
Malaysia,09/11/2022,New_case,117.339
Malaysia,10/11/2022,New_case,114.384
Malaysia,11/11/2022,New_case,109.017
Malaysia,12/11/2022,New_case,102.796
Malaysia,13/11/2022,New_case,97.004
Malaysia,14/11/2022,New_case,89.937
Malaysia,15/11/2022,New_case,86.687
Malaysia,16/11/2022,New_case,82.776
Malaysia,17/11/2022,New_case,82.932
Malaysia,18/11/2022,New_case,83.021
Malaysia,19/11/2022,New_case,83.673
Malaysia,20/11/2022,New_case,80.327
Malaysia,21/11/2022,New_case,77.797
Malaysia,22/11/2022,New_case,79.363
Malaysia,23/11/2022,New_case,77.948
Malaysia,24/11/2022,New_case,78.929
Malaysia,25/11/2022,New_case,76.488
Malaysia,26/11/2022,New_case,76.433
Malaysia,27/11/2022,New_case,78.319
Malaysia,28/11/2022,New_case,79.956
Malaysia,29/11/2022,New_case,81.404
Malaysia,30/11/2022,New_case,77.852
Malaysia,01/12/2022,New_case,70.275
Malaysia,02/12/2022,New_case,68.162
Malaysia,03/12/2022,New_case,63.287
Malaysia,04/12/2022,New_case,61.279
Malaysia,05/12/2022,New_case,59.091
Malaysia,06/12/2022,New_case,55.348
Malaysia,07/12/2022,New_case,55.252
Malaysia,08/12/2022,New_case,55.02
Malaysia,09/12/2022,New_case,51.825
Malaysia,10/12/2022,New_case,49.085
Malaysia,11/12/2022,New_case,46.037
Malaysia,12/12/2022,New_case,43.365
Malaysia,13/12/2022,New_case,40.136
Malaysia,14/12/2022,New_case,37.572
Malaysia,15/12/2022,New_case,35.716
Malaysia,16/12/2022,New_case,33.801
Malaysia,17/12/2022,New_case,32.866
Malaysia,18/12/2022,New_case,30.513
Malaysia,19/12/2022,New_case,30.429
Malaysia,20/12/2022,New_case,30.059
Malaysia,21/12/2022,New_case,29.116
Malaysia,22/12/2022,New_case,28.034
Malaysia,23/12/2022,New_case,26.759
Malaysia,24/12/2022,New_case,28.043
Malaysia,25/12/2022,New_case,26.477
Malaysia,26/12/2022,New_case,23.808
Malaysia,27/12/2022,New_case,22.794
Malaysia,28/12/2022,New_case,21.139
Malaysia,29/12/2022,New_case,19.018
Malaysia,30/12/2022,New_case,18.264
Malaysia,31/12/2022,New_case,15.255